{
    "loss": 89.2640380859375,
    "accuracy": 0.7396449446678162
}