{
    "loss": 0.9112719297409058,
    "accuracy": 0.9112426042556763
}