{
    "loss": 0.8155336976051331,
    "accuracy": 0.976331353187561
}