{
    "loss": 1.7393841743469238,
    "accuracy": 0.9526627063751221
}